{"stat.useItem.minecraft.quartz_block":337,"stat.useItem.minecraft.repeater":3,"stat.leaveGame":4,"stat.pickup.minecraft.deadbush":1728,"stat.useItem.minecraft.bookshelf":64,"stat.useItem.minecraft.glowstone":11,"stat.swimOneCm":26920,"stat.useItem.minecraft.planks":644,"stat.climbOneCm":224,"stat.useItem.minecraft.obsidian":37,"stat.useItem.minecraft.dirt":385,"stat.useItem.minecraft.water_bucket":22,"stat.useItem.minecraft.vine":45,"stat.useItem.minecraft.anvil":4,"stat.flyOneCm":2189259,"stat.drop.minecraft.iron_helmet":1,"stat.pickup.minecraft.chainmail_chestplate":1,"stat.pickup.minecraft.fish":1,"stat.pickup.minecraft.redstone":2,"stat.timeSinceDeath":1373,"stat.useItem.minecraft.sign":27,"stat.drop.minecraft.log":1,"stat.useItem.minecraft.wooden_slab":732,"stat.useItem.minecraft.lever":20,"stat.pickup.minecraft.chainmail_helmet":1,"stat.useItem.minecraft.oak_stairs":164,"stat.pickup.minecraft.stonebrick":8,"stat.drop.minecraft.stone_slab":1,"stat.useItem.minecraft.redstone":58,"stat.useItem.minecraft.spruce_fence":9,"stat.sprintOneCm":280417,"stat.useItem.minecraft.fence":242,"stat.craftItem.minecraft.stick":8,"stat.useItem.minecraft.stone_slab":473,"stat.useItem.minecraft.flint_and_steel":3,"stat.pickup.minecraft.grass":2,"stat.useItem.minecraft.dye":294,"stat.pickup.minecraft.lever":2,"stat.deaths":19,"stat.drop":6,"stat.playOneMinute":414960,"stat.useItem.minecraft.jungle_stairs":40,"stat.useItem.minecraft.ladder":5,"stat.fishCaught":1,"stat.diveOneCm":13416,"stat.chestOpened":604,"stat.useItem.minecraft.sticky_piston":3,"stat.pickup.minecraft.sign":14,"stat.useItem.minecraft.stone":413,"stat.useItem.minecraft.quartz_stairs":44,"stat.jump":2353,"stat.useItem.minecraft.sand":20,"stat.pickup.minecraft.iron_helmet":1,"stat.useItem.minecraft.trapped_chest":1,"stat.crouchOneCm":936,"stat.craftingTableInteraction":1,"stat.useItem.minecraft.sapling":37,"stat.useItem.minecraft.redstone_lamp":3,"stat.pickup.minecraft.repeater":1,"stat.useItem.minecraft.stone_brick_stairs":117,"stat.drop.minecraft.water_bucket":1,"stat.pickup.minecraft.planks":4,"stat.pickup.minecraft.concrete":4,"stat.pickup.minecraft.wheat_seeds":11,"stat.useItem.minecraft.enchanting_table":2,"stat.damageDealt":48,"stat.useItem.minecraft.crafting_table":1,"stat.pickup.minecraft.chainmail_boots":2,"stat.useItem.minecraft.iron_bars":173,"stat.walkOneCm":942017,"stat.useItem.minecraft.torch":29,"stat.useItem.minecraft.chest":28,"stat.useItem.minecraft.log":626,"stat.useItem.minecraft.comparator":4,"stat.useItem.minecraft.cobblestone":98,"stat.useItem.minecraft.gravel":2,"stat.pickup.minecraft.log":4,"stat.drop.minecraft.stonebrick":1,"stat.useItem.minecraft.redstone_block":4,"stat.pickup.minecraft.chainmail_leggings":1,"stat.pickup.minecraft.sapling":8,"stat.useItem.minecraft.leaves":8,"stat.useItem.minecraft.tallgrass":17,"stat.useItem.minecraft.concrete":20,"stat.useItem.minecraft.glass_pane":60,"stat.craftItem.minecraft.planks":4,"stat.itemEnchanted":22,"stat.useItem.minecraft.stonebrick":652,"stat.pickup.minecraft.water_bucket":1,"stat.useItem.minecraft.cobblestone_wall":125,"stat.pickup.minecraft.torch":1,"stat.sneakTime":3801,"stat.pickup.minecraft.stone_slab":9,"stat.drop.minecraft.grass":1,"stat.useItem.minecraft.fishing_rod":3}